location,new_cases_per_million,new_deaths_per_million,total_deaths_per_million,total_vaccinations_per_hundred,people_fully_vaccinated_per_hundred,people_vaccinated_per_hundred,population_density_cov,population_cov,median_age_cov,gdp_per_capita_cov,diabetes_prevalence_cov,life_expectancy_cov,Population,Area_km2,Density_km2,Year_x,Meningitis,Neoplasms,"Fire, heat, and hot substances",Malaria,Drowning,Interpersonal violence,HIV/AIDS,Drug use disorders,Tuberculosis,Road injuries,Maternal disorders,Lower respiratory infections,Neonatal disorders,Alcohol use disorders,Exposure to forces of nature,Diarrheal diseases,Environmental heat and cold exposure,Nutritional deficiencies,Self-harm,Conflict and terrorism,Diabetes mellitus,Poisonings,Protein-energy malnutrition,Cardiovascular diseases,Chronic kidney disease,Chronic respiratory diseases,Cirrhosis and other chronic liver diseases,Digestive diseases,Acute hepatitis,Alzheimer's disease and other dementias,Parkinson's disease,Total_death_ratio,air_polution,Obesity_rate,Number In Household,Households,1 Member,2-3 Members,4-5 Members,6+ Members,Year,smoking_ratio_both_sexes,smoking_ratio_males,smoking_ratio_females
Albania,52875.56800000011,708.6590000000014,705.55,80.64,35.89,39.73,104.871,2872934.0,38.0,11803.431,10.08,78.57,2882740,11100.0,100.0,2019,0.0004509599,0.1632127767,0.0006244059,0.0,0.0012488119,0.0019772855,6.93784e-05,0.0010059874,0.0003815814,0.0084294803,0.0001040677,0.0158529732,0.0055849643,0.0006244059,0.0017691502,0.0002428245,0.0001387569,0.0001734461,0.0052727613,0.0,0.0060706134,0.0003815814,0.0001040677,0.4476296856,0.0114127531,0.0282717137,0.01155151,0.0182812186,3.46892e-05,0.0318100141,0.0086029264,0.7713147908,18.45981,21.7,3.3,862512,9.95,48.08,32.51,9.45,2017,29.2,50.5,7.9
Argentina,88252.19899999992,1619.3099999999993,1618.083,167.98,71.61,83.76,16.177,45605823.0,31.9,18933.907,5.5,76.67,44361150,1073512.0,16.0,2019,0.0010211638,0.1920802324,0.001514839,0.0,0.0012758912,0.0064944214,0.0040057573,0.0001938633,0.0016388214,0.0142421916,0.0008498427,0.0817472045,0.0073758232,0.0018507185,0.0,0.0017064481,0.0001014401,0.0029981188,0.011336496,0.0,0.0242599662,0.0006131491,0.002829052,0.2293110075,0.0353124299,0.0436147395,0.0192172656,0.0401071658,8.11521e-05,0.0271521365,0.0068596058,0.7597909432,13.84671,28.3,3.26,13925275,17.6,42.33,28.95,11.12,2010,21.8,28.2,15.4
Armenia,62393.53399999995,1733.0989999999983,1730.384,54.81,23.32,31.47,102.931,2968128.0,35.7,8787.58,7.11,75.09,2951745,11484.0,99.0,2019,0.0001693913,0.1976457993,0.0015245219,0.0,0.0014906437,0.0051833746,0.000643687,0.0003387827,0.0024731134,0.0081307837,0.0002710261,0.0184975328,0.0052850094,0.0023376003,0.0,0.0004404174,0.0015922785,0.0001355131,0.0097230621,0.0,0.0418396576,0.0006098088,3.38783e-05,0.4575937285,0.0152113411,0.0448209449,0.0377403875,0.0582706162,6.77565e-05,0.0295757255,0.0057254268,0.9473718089,34.24106,20.2,3.54,837896,15.19,36.17,32.30,16.34,2016,26.7,51.8,1.6
Australia,15396.030999999997,52.124,52.11599999999999,165.12,76.61,79.28,3.202,25788217.0,37.9,44648.71,5.07,83.44,24898152,2969890.0,3.0,2019,0.0001847527,0.2156786576,0.0004377835,0.0,0.000787207,0.0012932687,0.0002851617,0.0045304567,0.0003815544,0.0064060979,5.22127e-05,0.0171458508,0.0019559685,0.0023696538,1.60654e-05,0.0009157306,0.0001486054,0.0006586834,0.0116394181,0.0,0.01702536,0.0001727036,0.0005462253,0.2073045421,0.0209131987,0.0449953073,0.0088962426,0.026636515,4.01636e-05,0.0451439127,0.0096513187,0.6462126185,6.7487,29.0,2.5,10220186,24.34,49.95,22.44,3.27,2011,16.2,18.7,13.6
Austria,101260.72099999999,826.281999999999,824.7200000000001,182.49,71.95,73.47,106.749,9043072.0,44.4,45436.686,6.35,81.54,8891388,32383.0,106.0,2019,0.000348652,0.2503321191,0.0004723672,0.0,0.0006298229,0.0007872787,0.0003936393,0.0015745573,0.0005623419,0.0055221974,3.37405e-05,0.0135524397,0.0012933864,0.0058146152,0.0001237152,0.0014058547,0.0003936393,0.0001349621,0.0159480162,0.0,0.0263176008,0.000348652,2.24937e-05,0.3711231587,0.0378681034,0.0383067301,0.0203455299,0.0364060144,3.37405e-05,0.0540073158,0.0116967115,0.895799396,12.22494,20.1,2.27,3933516,36.34,44.52,17.06,2.08,2011,29.1,30.4,27.7
Azerbaijan,38921.31799999995,556.372,553.1460000000001,110.98,45.74,50.56,119.309,10223344.0,32.4,15847.419,7.11,73.0,9949537,33436.0,115.0,2019,0.0006231446,0.1197342148,0.0041509469,0.0,0.0031358243,0.0037388674,0.0003718766,0.000391978,0.0063922572,0.0080707273,0.000321623,0.0246644643,0.0183425621,0.0022614118,0.0,0.001145782,0.0012965427,0.0002914708,0.0038092225,0.0,0.0216090457,0.0008543111,0.0001809129,0.4235171948,0.0139302965,0.0201617422,0.0313381417,0.0396500862,0.0002412173,0.0094577265,0.003397143,0.7630807343,26.26906,19.9,4.55,2217398,6.77,20.86,44.69,27.68,2009,19.6,39.0,0.2
Bahamas,41794.94100000001,1375.5989999999993,1375.6129999999998,75.64,37.13,39.57,39.497,396914.0,34.3,27717.847,13.17,73.92,385637,5383.0,28.0,2019,0.0007779337,0.1504005062,0.0025931122,0.0,0.0062234692,0.0287835451,0.0300801012,0.0005186224,0.0018151785,0.014262117,0.0010372449,0.0243752544,0.0054455356,0.0046676019,0.0129655609,0.0010372449,0.0002593112,0.0015558673,0.0031117346,0.0,0.0378594378,0.0002593112,0.0012965561,0.225341448,0.0290428564,0.0132248721,0.0160772955,0.0308580349,0.0,0.0158179843,0.0044082907,0.6640960281,15.2567,31.6,3.4,114679,17.73,40.33,29.15,12.79,2010,10.9,18.6,3.2
Bangladesh,6440.273999999999,123.2120000000002,123.10600000000001,64.08,24.5,39.59,1265.036,166303494.0,27.5,3523.984,8.38,72.59,161376708,56977.0,1094.0,2019,0.001439489,0.0657759111,0.000871873,6.81635e-05,0.004697704,0.0024501677,0.0002224609,0.0001852808,0.0180236667,0.0053365818,0.0040885702,0.0231148599,0.0248951664,0.0001995331,8.11765e-05,0.0204038119,7.00225e-05,0.002727779,0.0045638556,9.60486e-05,0.0205079162,0.0003476338,0.0014140826,0.2012458948,0.0079162601,0.0439301315,0.0162136162,0.0258271472,0.0027494674,0.0096754979,0.0027816902,0.5119214602,63.54533,3.6,4.47,37957746,1.74,29.71,45.59,22.96,2014,39.1,60.6,17.7
Belarus,53255.751000000026,438.9510000000008,438.00200000000007,81.63,34.19,46.13,46.858,9442867.0,40.3,17167.967,5.18,74.79,9452617,80154.0,46.0,2019,0.000518375,0.2080693632,0.0072043541,0.0,0.0068235072,0.0082093668,0.0031102498,0.002486084,0.0031525661,0.0110974559,0.0001375281,0.0122188384,0.0016926529,0.0314516075,0.0,0.0001375281,0.0065484511,0.0004760586,0.0240356718,0.0,0.0041575788,0.0036920992,0.0002538979,0.7970173762,0.0052895405,0.0257917992,0.0236442458,0.0443051908,0.0002010025,0.0389839131,0.0066859791,1.2773922819,16.57188,24.5,2.48,3789941,27.00,51.73,19.09,2.19,2009,26.6,42.8,10.4
Belgium,125258.94600000003,752.2310000000002,746.7980000000002,186.43,75.76,76.7,375.564,11632334.0,41.8,42658.576,4.29,81.63,11482178,11787.0,376.0,2019,0.0003919117,0.2951704807,0.0011234802,0.0,0.0006706045,0.0014195913,0.0004877123,0.0019508494,0.0007141502,0.0077337244,4.35457e-05,0.0552160052,0.0014892645,0.0045723033,0.0,0.0078208159,0.0004180392,0.0032310943,0.0192646378,0.0,0.0150755371,0.0003222385,0.0029436924,0.2928625562,0.025822627,0.0644477032,0.0183327588,0.0493112021,4.35457e-05,0.0576110212,0.0115918774,0.9400829703,12.7263,22.1,2.36,4883743,30.87,48.31,18.70,2.12,2011,25.0,26.9,23.1
Benin,1741.5400000000002,9.399999999999997,9.396999999999998,14.24,10.6,13.65,99.11,12451031.0,18.8,2064.236,0.99,61.77,11485044,44310.0,100.0,2019,0.0171962772,0.0456855019,0.0027165764,0.1154893268,0.0033434787,0.0078188643,0.0177012818,0.0001306046,0.0228471045,0.0168654121,0.011493208,0.0788242518,0.1097862577,0.0005920744,0.0,0.0458683484,0.0006443162,0.0071397201,0.006460576,8.707e-06,0.0133826218,0.0019242416,0.006817562,0.0994162495,0.0137657287,0.0164387703,0.016917654,0.0301696711,0.001436651,0.0060513482,0.0016543254,0.7185867116,46.23708,9.6,5.19,2335719,9.78,23.56,29.1,37.56,2018,7.2,12.4,1.9
Botswana,85391.533,1001.9799999999997,1001.986,47.06,43.13,48.77,4.044,2397240.0,25.8,15807.374,4.81,69.59,2254068,224710.0,4.0,2019,0.0054568008,0.0921001496,0.004746973,0.0006210993,0.0042146022,0.0208068257,0.2489720807,0.0003105496,0.0358906652,0.0254650703,0.0022625759,0.0677885494,0.0377095988,0.0012865628,0.0,0.0232468586,0.0007985562,0.0082073833,0.0178787863,0.0,0.0470704522,0.0018189336,0.0080299263,0.1561177391,0.0196977199,0.0287923878,0.0185442498,0.0348259236,0.0003549139,0.0067877278,0.0018189336,0.9216225952,25.32941,18.9,3.52,673860,27.89,32.32,20.48,19.31,2011,23.7,37.3,10.1
Brazil,67586.13699999997,1980.4069999999992,1979.033,154.81,67.03,77.66,25.04,213993441.0,33.5,14103.452,8.11,75.88,209469323,3287594.0,25.0,2019,0.0009586129,0.126994252,0.0007929562,5.63328e-05,0.0029168949,0.0314637958,0.0074287728,0.0005380263,0.0026185219,0.0212580054,0.000923763,0.0423169363,0.0141600687,0.0046331367,1.05027e-05,0.0035871601,3.62822e-05,0.0039246797,0.00644629,0.0,0.0312055241,9.07054e-05,0.0036511313,0.1900006141,0.0202110741,0.0365452081,0.0181549257,0.0374680163,0.0001131431,0.0260630049,0.0045658237,0.6391341609,11.66552,22.1,3.31,64124398,12.00,47.27,31.91,8.82,2010,16.5,21.5,11.5
Bulgaria,78961.18800000005,3385.888999999999,3380.045,53.66,27.77,27.61,65.18,6896655.0,44.7,18563.307,5.81,75.05,7051608,42818.0,64.0,2019,0.0005530653,0.3121132088,0.001659196,0.0,0.002268986,0.0025809716,0.0006523335,0.0009785002,0.0017159207,0.0096148283,0.0001134493,0.0282205137,0.0022122614,0.0014322974,0.0,0.0003545291,0.0016308337,0.0001559928,0.0154149238,0.0,0.0337086236,0.0006523335,5.67247e-05,1.1219994078,0.0276532672,0.0430540098,0.0383884073,0.0639145001,0.0001276305,0.0446139377,0.0141811627,1.7700218163,19.92702,25.0,2.34,2973737,30.53,50.97,16.62,1.89,2011,38.9,42.5,35.3
Burkina Faso,502.6010000000002,10.861,10.791999999999998,4.9,3.02,4.52,70.151,21497097.0,17.6,1703.102,2.42,61.58,19751466,105393.0,72.0,2019,0.0266208088,0.0512620177,0.0036655507,0.1331799878,0.0045515609,0.0108295759,0.0149811665,0.0002936491,0.0382351366,0.0267220671,0.0105106122,0.1234946307,0.0976180705,0.0007898148,0.0,0.0757260246,0.0006986823,0.0204946813,0.0078222042,0.0035794811,0.0150621731,0.0031744479,0.0193909657,0.1121486375,0.0142875471,0.0137407522,0.0151533056,0.0322457077,0.0015087488,0.0063033296,0.0017416429,0.8858329807,53.68486,5.6,5.92,3630745,6.64,19.51,27.4,46.46,2014,16.0,24.9,7.2
Burundi,2165.9059999999995,2.938,2.938,0.06,0.03,0.03,423.062,12255429.0,17.5,702.225,6.05,61.58,11175374,10747.0,402.0,2019,0.0110868773,0.0472019997,0.002433923,0.0651432337,0.0029081801,0.001127479,0.0183260086,0.0001431719,0.0780376567,0.0170643059,0.0116416685,0.0578235681,0.0786908787,0.0007695492,8.94825e-05,0.0835408283,0.0007963939,0.0183260086,0.0071585971,0.0007158597,0.0130912845,0.0022549581,0.0177354243,0.0966768539,0.0093061762,0.0214668431,0.0170553576,0.0317036369,0.0018970282,0.00428621,0.0010379966,0.7195374401,33.32371,5.4,4.83,2548469,6.04,25.17,31.72,37.07,2016,12.6,18.8,6.4
Cameroon,3031.0799999999995,51.538000000000004,51.535,3.75,2.42,3.06,50.885,27224262.0,18.8,3364.926,7.2,59.29,25216267,183648.0,53.0,2019,0.0110682521,0.0565428658,0.002268377,0.0898309016,0.0024151077,0.0036325757,0.0918930625,0.0003132898,0.0259792617,0.0253844076,0.0115679295,0.0674762843,0.0622138083,0.0007415848,0.0001705248,0.0708074673,0.0005076088,0.0038268948,0.0089624686,0.0024825245,0.020570055,0.0016100718,0.003565159,0.1050552011,0.0189679146,0.0165210814,0.0163822821,0.0283031584,0.0014990324,0.0059683695,0.0019907784,0.7585183009,66.15428,11.4,4.99,4877120,15.14,22.69,24.44,37.72,2011,9.3,17.5,1.2
Canada,41880.659000000014,380.90299999999957,378.19200000000006,180.61,77.27,83.34,4.037,38067913.0,41.4,44017.591,7.37,82.43,37064562,3855081.0,4.0,2019,0.0002401215,0.2511077832,0.0008174925,0.0,0.0007770225,0.0014892932,0.0006852907,0.0068151352,0.0004020012,0.0066883294,6.74499e-05,0.0246192036,0.0024686654,0.0036719711,0.0,0.0046999072,0.0003453433,0.0009550902,0.0126778781,2.698e-06,0.0200191223,0.0003561353,0.0008147945,0.2229730922,0.0202376599,0.0496026366,0.0146824884,0.0347285906,3.23759e-05,0.0460062094,0.0111238331,0.7391076144,7.09026,29.4,2.45,15618491,28.20,49.59,19.20,3.02,2016,17.5,22.7,12.4
Chad,210.57299999999952,4.545000000000002,4.553000000000001,1.69,0.48,1.21,11.833,16914985.0,16.7,1768.153,6.1,54.24,15477729,495752.0,12.0,2019,0.029868723,0.0403806011,0.0030366212,0.046479687,0.0039992947,0.0079727459,0.0303339075,9.04525e-05,0.0451616642,0.0166432685,0.0209268427,0.1256450478,0.1120771658,0.0005685589,0.0,0.1962303384,0.0008592992,0.0158550392,0.0064350526,0.0017832073,0.0111127414,0.0023130008,0.0153510893,0.0893994203,0.0117394483,0.0178385343,0.0186461463,0.0332542326,0.0026425065,0.0046195408,0.0013503273,0.9126145057,59.42594,6.1,5.78,2811841,7.73,18.49,25.67,48.11,2015,11.8,21.3,2.3
Chile,62143.847999999976,1168.7669999999996,1165.448,230.65,86.1,90.06,24.282,19212362.0,35.4,22767.037,8.46,80.18,18729160,291931.0,25.0,2019,0.0006033373,0.1689771458,0.0018206903,0.0,0.0019007793,0.0042340393,0.0026269197,0.000379088,0.0024347061,0.0122749766,0.0002616241,0.0251105762,0.003171525,0.0028351512,3.20356e-05,0.0023973312,0.0002028922,0.0030754182,0.0107105711,0.0,0.0204066813,0.0002028922,0.0029365973,0.1607920483,0.0268992309,0.0341125817,0.0275346038,0.0449886701,2.66963e-05,0.0256498423,0.0071225832,0.5937212347,23.68317,28.0,3.58,5440715,11.43,39.22,37.11,12.24,2002,44.7,49.2,40.3
China,10.546999999999992,0.002,0.0030000000000001137,196.32,83.6,87.24,147.674,1444216102.0,38.7,15308.712,9.74,76.91,1427647786,3705387.0,149.0,2019,0.0004528428,0.1902815965,0.0007772225,0.0,0.0039592398,0.0008384421,0.0022236577,0.0008016683,0.002561276,0.0175130731,0.0001076596,0.0129768702,0.0031485357,0.0013630113,2.06634e-05,0.0003810464,0.0003478449,0.0011811737,0.0084906796,0.0,0.0121102699,0.0018971066,0.0009175232,0.3211067215,0.0137797293,0.0760182596,0.0106652356,0.0194124911,0.0002609887,0.0224645745,0.0053927867,0.7314521903,47.72902,6.2,2.7,522689264,14.53,51.23,27.6,6.64,2020,24.7,47.7,1.8
Colombia,68321.51100000006,1686.2589999999998,1680.9830000000002,126.19,55.25,74.81,44.223,51265841.0,32.2,13254.949,7.44,77.29,49661048,440829.0,43.0,2019,0.0007591463,0.0995951596,0.0004027301,0.0001107508,0.0019069271,0.0343548932,0.004933444,0.0002557336,0.0018283948,0.0149171238,0.000956484,0.0159058262,0.0085680834,0.0002496927,2.81911e-05,0.0018183265,3.22184e-05,0.0026821826,0.0054992798,0.0,0.0141922096,0.00012686,0.0025915683,0.1462494307,0.0191216263,0.0357865988,0.0080223841,0.0231509412,2.61775e-05,0.0275306313,0.0039447416,0.4755477573,22.5254,22.3,3.53,14282545,11.13,42.41,34.80,11.66,2015,7.9,12.2,3.7
Comoros,6406.6280000000115,165.46700000000013,162.079,65.46,27.7,37.75,437.352,888456.0,20.4,1413.89,11.88,64.32,832322,863.0,372.0,2019,0.0084102066,0.0653593201,0.0019223329,0.0209053708,0.0016820413,0.0080497692,0.0002402916,0.0002402916,0.0395279711,0.0181420172,0.003123791,0.054065614,0.0456554074,0.0007208749,0.0009611665,0.0334005349,0.000600729,0.0079296234,0.0049259782,0.0,0.0195837669,0.0014417497,0.0074490402,0.1373266596,0.0140570596,0.0200643501,0.0193434752,0.0359235969,0.0014417497,0.0102123938,0.0021626246,0.584869798,17.0261,7.8,5.37,141171,4.91,22.92,28.71,43.46,2012,19.5,29.9,9.2
Costa Rica,78075.66900000004,1005.6290000000005,1005.6320000000001,150.93,68.21,76.76,96.079,5139053.0,33.6,15524.995,8.78,80.28,4999441,19730.0,98.0,2019,0.0007000783,0.1209935271,0.000420047,0.0,0.0026402952,0.0100611248,0.0029203265,0.0005200581,0.0009401051,0.0168218807,0.0004000447,0.0135215117,0.0047605322,0.0016801878,0.0,0.0025802885,4.00045e-05,0.0004600514,0.0077808699,0.0,0.0115212881,0.0005600626,0.000420047,0.1332949024,0.0274430681,0.0285031867,0.0192021468,0.0355239716,6.00067e-05,0.0259028959,0.0043804897,0.4740529991,17.43615,25.7,3.46,1476628,11.23,42.7,35.83,10.25,2011,9.8,14.7,5.0
Cote d'Ivoire,1790.5620000000001,21.310999999999986,21.291,26.29,7.99,18.3,76.399,27053629.0,18.7,3601.006,2.42,57.78,25069230,124503.0,78.0,2019,0.0090110466,0.0462200076,0.0020343664,0.1172672635,0.0023175822,0.0092025164,0.0544013518,0.0001515802,0.0282657266,0.0133749621,0.0090549251,0.0677324353,0.0918656058,0.0007618902,0.0,0.0298732749,0.0005345198,0.0030156491,0.0078183494,3.98895e-05,0.0140131947,0.001463946,0.0028201903,0.08925683,0.0136980673,0.0145277697,0.0157483896,0.0264188409,0.0008775698,0.0047229213,0.0015277693,0.6780184314,55.9251,10.3,5.09,5197095,12.18,24.73,25.87,37.22,2012,13.0,24.3,1.6
Croatia,123292.58000000003,2101.364999999996,2087.8779999999997,115.88,47.86,55.35,73.726,4081657.0,44.0,22669.797,5.59,78.49,4156405,21851.0,73.0,2019,0.0004090073,0.3374069659,0.0009142516,0.0,0.0018525625,0.0011307849,0.000192474,0.0016841477,0.0012751404,0.0089500422,4.81185e-05,0.0139543668,0.0014916737,0.0064478798,0.0,0.0006977183,0.0005052443,7.21778e-05,0.0166971217,0.0,0.027283193,0.0004330666,2.40593e-05,0.5947687966,0.0222066906,0.0451832774,0.0276922004,0.0537483715,2.40593e-05,0.0521123423,0.0118371525,1.2290428868,18.22689,24.4,2.8,1451732,24.56,44.43,25.28,5.73,2011,36.6,37.9,35.3
Cyprus,160399.76700000017,571.3929999999999,569.194,172.0,67.84,71.53,127.657,896005.0,37.3,32415.132,9.24,80.98,1189265,3572.0,129.0,2019,0.0002522566,0.1926399919,0.0007567699,0.0,0.0021862243,0.0017657965,0.0004204277,0.0014294543,0.0004204277,0.0112674635,0.0,0.0142104577,0.0021021387,0.0007567699,0.0,0.0018498821,0.0002522566,0.0005885988,0.0056337318,0.0,0.0412019188,0.0002522566,0.0005045133,0.2616742274,0.0281686588,0.0454902818,0.0117719768,0.0306071397,8.40855e-05,0.0272437178,0.0079040416,0.6914354664,15.7934,21.8,2.75,318823,18.72,52.55,25.82,2.92,2011,36.7,50.1,23.3
Democratic Republic of Congo,616.4300000000003,6.647000000000006,6.603000000000001,0.36,0.13,0.28,35.879,92377986.0,17.0,808.133,6.1,60.68,84068091,905350.0,36.0,2019,0.00731193,0.04384779,0.0016712643,0.0679925038,0.002335012,0.0034388791,0.0121782235,0.0002581241,0.0548900296,0.0351417519,0.0120366716,0.0531069511,0.0511204661,0.000799352,0.0,0.0404469753,0.0003854019,0.0075593485,0.0071132815,0.0019389045,0.0135057188,0.0015083012,0.0071715676,0.1069442626,0.0095565391,0.0237866707,0.0171206457,0.029179918,0.0012216288,0.0052148204,0.0010277383,0.6198106723,36.27272,9.6,5.3,19225670,7.25,21.19,27.81,43.74,2013,16.1,30.1,2.0
Democratic Republic of Congo,616.4300000000003,6.647000000000006,6.603000000000001,0.36,0.13,0.28,35.879,92377986.0,17.0,808.133,6.1,60.68,84068091,905350.0,36.0,2019,0.00731193,0.04384779,0.0016712643,0.0679925038,0.002335012,0.0034388791,0.0121782235,0.0002581241,0.0548900296,0.0351417519,0.0120366716,0.0531069511,0.0511204661,0.000799352,0.0,0.0404469753,0.0003854019,0.0075593485,0.0071132815,0.0019389045,0.0135057188,0.0015083012,0.0071715676,0.1069442626,0.0095565391,0.0237866707,0.0171206457,0.029179918,0.0012216288,0.0052148204,0.0010277383,0.6198106723,36.27272,6.7,5.3,19225670,7.25,21.19,27.81,43.74,2013,16.1,30.1,2.0
Dominican Republic,22509.272000000004,167.15300000000022,167.158,128.6,52.03,63.34,222.873,10953714.0,27.6,14600.861,8.2,74.08,10627141,18607.0,221.0,2019,0.0020419415,0.1017018594,0.0013550211,4.70493e-05,0.0030017481,0.018753868,0.012816241,0.000498723,0.0070668113,0.0251055293,0.0021736796,0.0189138358,0.0311184353,0.0014208902,0.0,0.0052507067,9.40987e-05,0.004366179,0.0063140218,0.0,0.0279002603,0.0004610836,0.004008604,0.2553838328,0.0214545003,0.0182269154,0.0277120629,0.0368396354,0.0004046243,0.0153286759,0.0041968014,0.6539576355,18.14536,27.8,3.48,3004226,14.33,39.85,33.08,12.73,2013,9.4,11.2,7.5
Egypt,2360.5330000000026,134.89499999999992,134.38799999999998,50.66,19.78,31.75,97.999,104258327.0,25.3,10550.206,17.31,71.99,98423598,386872.0,98.0,2019,0.0007762366,0.0588619002,0.0015199607,0.0,0.000987568,0.0005202005,5.68969e-05,8.33134e-05,0.0009062867,0.0299623267,0.0007630284,0.0217132887,0.0054214641,0.0001524025,0.0,0.0086097239,4.26727e-05,0.0008290695,0.0031547312,0.0006929233,0.020805986,0.000181867,0.0006441545,0.2680993231,0.0223330588,0.0229213323,0.0636381938,0.0703245984,0.0013777184,0.0070288022,0.0024780643,0.6148870924,67.91512,32.0,4.13,24496076,6.48,30.40,43.12,20.00,2014,21.4,42.3,0.4
El Salvador,11571.681999999997,383.0710000000001,383.064,147.59,63.77,68.78,307.811,6518500.0,27.6,7292.458,8.87,73.32,6420746,8124.0,305.0,2019,0.0008098747,0.0919675066,0.0006541296,0.0,0.0033173715,0.0474555449,0.0105906697,0.0001713197,0.0013861318,0.0199198037,0.0006852786,0.0358836808,0.0075224904,0.0136121254,0.0,0.0047969504,4.67235e-05,0.0045633327,0.0082700671,0.0,0.0351516786,0.0001713197,0.0045321836,0.1509949155,0.0635907416,0.0235798146,0.0233617714,0.0378772186,9.34471e-05,0.0263988016,0.0047502268,0.6221551203,22.34945,24.6,4.07,1662356,8.82,34.09,36.82,20.28,2007,12.7,22.8,2.5
Estonia,160733.42300000007,1281.3240000000014,1276.045,112.15,61.64,63.56,31.033,1325188.0,42.7,29481.252,4.02,78.74,1322920,17462.0,29.0,2019,0.0004535422,0.2896622623,0.0040818795,0.0,0.0031747952,0.0043842409,0.0025700723,0.0096755662,0.0018141687,0.0061984096,0.0,0.0169322408,0.000831494,0.0161763372,0.0,0.0002267711,0.0040062891,0.0001511807,0.015722795,0.0,0.0105826505,0.0004535422,7.55904e-05,0.6199165482,0.0263810359,0.0229038793,0.0209385299,0.0441447707,0.0,0.0572219031,0.0095999758,1.1882804705,5.94962,21.2,2.3,578440,33.90,47.28,17.14,1.67,2011,30.5,36.9,24.1
Ethiopia,2508.480000000001,42.39000000000001,42.358000000000004,9.26,1.33,7.93,104.957,117876226.0,19.8,1729.927,7.47,66.6,109224414,426370.0,99.0,2019,0.0103301081,0.0362556305,0.0019235626,0.0119973177,0.0015976282,0.0065690442,0.0243452897,0.0001986735,0.0273510279,0.0084340118,0.0069892799,0.0423907058,0.0708962375,0.0005923584,0.0,0.0464850285,0.0006353891,0.008229845,0.0051774139,0.0001510651,0.0117858266,0.0024014778,0.0078764442,0.0704741707,0.0090272858,0.012567703,0.0208488187,0.032213494,0.0014886782,0.0058897089,0.0011261219,0.4862493471,33.83347,4.5,4.61,21850103,7.52,27.01,32.00,33.47,2016,4.6,8.3,0.9
Fiji,59013.258000000016,770.8639999999991,770.85,140.33,67.07,73.26,49.562,902899.0,28.6,8702.975,14.49,67.44,883483,7055.0,48.0,2019,0.0014714488,0.0916825791,0.0029428976,0.0,0.0066781138,0.0039615929,0.0010186953,0.0003395651,0.0045275348,0.0101869532,0.0016978255,0.0244486878,0.0169782554,0.0002263767,0.0,0.0122243439,0.0001131884,0.002150579,0.009507823,0.0,0.1952499369,0.0002263767,0.0020373906,0.2990436715,0.0330510038,0.0466336081,0.0098473881,0.0204870948,0.0002263767,0.008262751,0.0049802882,0.8102023468,10.85933,30.2,4.57,194497,5.94,30.10,34.31,29.64,2014,26.7,42.3,11.1
Finland,42202.18299999998,201.10600000000025,200.60000000000002,173.33,73.63,77.05,18.136,5548361.0,42.8,40585.721,5.76,81.91,5522576,130059.0,16.0,2019,0.0002897199,0.2624680946,0.0012675244,0.0,0.0018831792,0.0015029218,9.05375e-05,0.0052692801,0.0009959121,0.0048165928,3.6215e-05,0.0140333062,0.0006880847,0.0102307329,0.0,0.0009234821,0.0017745342,0.0002172899,0.0158078404,0.0,0.008981316,0.0001991824,0.000108645,0.459622466,0.0127838893,0.0369936059,0.0208598306,0.0468802964,3.6215e-05,0.0593925733,0.0131641466,0.9813174142,5.63829,22.2,2.07,2652262,41.01,44.46,12.97,1.57,2010,19.7,21.0,18.3
France,114010.74600000007,875.4939999999996,873.187,183.95,73.47,78.76,122.578,67422000.0,42.0,38605.671,4.77,82.66,64990511,212934.0,118.0,2019,0.0003477431,0.3036027829,0.0010509226,0.0,0.0014525197,0.0008278132,0.0007031796,0.0028296439,0.0016202365,0.0065194133,7.07796e-05,0.0355374956,0.0017571796,0.0057669957,0.0,0.0024726687,0.0028850366,0.0072841403,0.0169470894,0.0,0.019704415,0.0003277402,0.0070487213,0.2561850914,0.0195413143,0.0339434168,0.016497793,0.0457959163,2.9235e-05,0.070791873,0.0123048732,0.8738460296,11.36678,21.6,2.22,30217950,35.46,46.84,16.08,1.62,2015,34.6,36.0,33.2
Gambia,2561.3790000000013,88.055,88.06,11.85,10.03,10.58,207.566,2486937.0,17.5,1561.767,1.91,62.05,2280094,4361.0,202.0,2019,0.0092978623,0.0469278898,0.0019736028,0.0279374447,0.0016227401,0.0006578676,0.0472787525,0.0001315735,0.0316653612,0.0113591808,0.0127626317,0.0536381395,0.0501295122,0.0006140098,0.0,0.024253386,0.0004824363,0.0050875096,0.0056576615,0.0,0.0144730875,0.0013595931,0.0047366468,0.11416196,0.0135959307,0.0185957246,0.0156572492,0.0274111506,0.0009210147,0.0067541075,0.0021490342,0.5512930607,58.2145,10.3,8.23,283790,8.39,12.96,17.23,61.42,2013,14.4,27.3,1.5
Georgia,177480.229,2832.313000000001,2821.266,63.14,28.87,34.27,65.032,3979773.0,38.7,9745.079,7.11,73.77,4002942,26911.0,57.0,2019,0.0005246141,0.2080219998,0.0029478319,0.0,0.0019985301,0.0031227033,0.0005745774,0.0006495223,0.0043717846,0.0173122668,0.0004746509,0.0191109439,0.006944892,0.0010492283,0.0,0.0003747244,0.000599559,0.0002498163,0.0078192489,0.0,0.0343247541,0.0004996325,9.99265e-05,0.7421791273,0.017637028,0.030527547,0.0390212998,0.053435698,0.000199853,0.0429933784,0.0075944143,1.2446595529,18.24743,21.7,3.34,1113542,17.48,39.28,30.60,12.64,2014,29.7,54.2,5.2
Germany,64727.67400000002,929.2079999999983,925.2750000000001,179.02,70.64,73.65,237.016,83900471.0,46.6,45229.245,8.31,81.33,83124418,137891.0,233.0,2019,0.0002598514,0.3297322334,0.0008156448,0.0,0.0005594024,0.0007422608,0.0005064697,0.0020186608,0.0005557934,0.0053750752,4.21056e-05,0.0301908881,0.0013209115,0.0076740387,1.203e-06,0.0051693595,0.0001804524,0.0009407585,0.0140319779,0.0,0.0269030455,0.0001190986,0.0007410578,0.4382406623,0.0423702215,0.054334215,0.0246522027,0.0582500319,4.33086e-05,0.059617861,0.0154888302,1.1208776223,11.92769,22.3,2.05,40624971,39.53,47.00,12.71,0.76,2011,28.0,29.9,26.0
Ghana,2774.9730000000004,30.286000000000005,30.253,24.44,7.36,18.2,126.719,31732128.0,21.1,4227.63,4.97,64.07,29767102,92098.0,125.0,2019,0.0117142744,0.0621793818,0.002055961,0.0725532502,0.0018308803,0.0026001859,0.0491179827,0.000194846,0.0343432827,0.0195047539,0.0050995895,0.0547785942,0.0537976455,0.0007760245,0.0,0.0220444704,0.0004400831,0.0066281225,0.0069371886,6.71883e-05,0.0207376586,0.001454626,0.00624179,0.1332007395,0.0157186951,0.0199481965,0.0205764068,0.0343634392,0.0009574328,0.0065239807,0.0016461125,0.6680327833,54.4758,10.9,3.49,8862356,25.88,30.34,25.30,18.48,2014,3.7,7.0,0.4
Greece,103310.39400000003,1534.035,1530.1689999999999,166.5,67.61,72.02,83.479,10370747.0,45.3,24574.382,4.55,82.24,10522246,50949.0,80.0,2019,0.0002851102,0.334852464,0.0010263968,0.0,0.0035448706,0.0012354777,0.0002090808,0.0017676834,0.0013020034,0.0121456959,3.80147e-05,0.0566133884,0.0013305144,0.0003991543,0.0,0.0004181617,0.0002280882,9.50367e-05,0.0047518372,0.0,0.0129820192,0.0001995772,3.80147e-05,0.5314549764,0.043754917,0.0608140125,0.0129820192,0.0387274732,0.0003706433,0.0664877061,0.0148922578,1.2029465952,14.3205,24.9,2.44,4394506,27.48,49.84,21.26,1.42,2011,39.1,45.3,32.8
Guyana,42039.45000000003,1126.122000000001,1126.113,90.56,37.22,51.94,3.952,790329.0,26.3,7435.047,11.62,69.91,779006,83000.0,4.0,2019,0.0007702123,0.1001275985,0.0020538995,0.0021822682,0.0080872291,0.0229780002,0.0232347376,0.0002567374,0.0078304917,0.0200255197,0.0030808492,0.0336326036,0.0246467935,0.0034659553,0.0,0.0078304917,0.0005134749,0.0062900671,0.032092179,0.0,0.072785062,0.0002567374,0.0055198548,0.31193598,0.0365850841,0.0152758772,0.0322205477,0.0504489054,0.0002567374,0.0101411286,0.0032092179,0.8377342408,20.40551,20.2,3.8,196290,12.87,36.69,32.09,18.35,2009,12.2,22.1,2.2
Haiti,1383.6779999999997,45.923000000000016,45.919999999999995,1.71,0.64,1.07,398.448,11541683.0,24.3,1653.173,6.65,64.0,11123178,10714.0,401.0,2019,0.0089632657,0.0945503165,0.0045670401,0.0040725771,0.013080794,0.031636642,0.0531143168,0.0003775899,0.011561444,0.012280663,0.0140427493,0.0568452649,0.0526378343,0.0034432606,0.0,0.036770067,0.0014564183,0.0085676953,0.0091430704,0.0,0.0381635536,0.0015912718,0.0082260663,0.2379535777,0.0213158506,0.0307466086,0.0193379985,0.0394131965,0.0007371994,0.0068955113,0.0024813053,0.8239731487,19.32223,22.7,4.29,2735164,9.43,31.10,32.93,26.54,2017,8.3,13.3,3.3
Hungary,96649.51400000008,3063.9989999999966,3052.16,156.47,62.09,65.04,108.043,9634162.0,43.4,26777.561,7.55,76.88,9707499,35917.0,104.0,2019,0.0005150657,0.3532629774,0.0013288696,0.0,0.0013494722,0.0014833893,0.0003811486,0.0006489828,0.0006283802,0.0082719555,0.0001030131,0.0125366997,0.0013906775,0.0055730111,0.0,0.0027607523,0.0021323721,0.0003502447,0.0195931001,0.0,0.0257223823,0.0004841618,0.000164821,0.6368066584,0.0187586937,0.0611486027,0.0361679151,0.0660623298,3.09039e-05,0.0499613752,0.0095493185,1.3171672745,16.59597,26.4,2.6,3753000,23.63,50.92,22.72,2.74,2011,30.6,34.8,26.4
India,17622.821000000014,233.1640000000002,238.30100000000002,103.98,43.29,60.69,450.419,1393409033.0,28.2,6426.674,10.39,69.66,1352642280,1269212.0,411.0,2019,0.0025680108,0.0689455752,0.0019129965,0.0024671711,0.0039955871,0.0030277037,0.0034227823,0.0006258122,0.031245068,0.0156711795,0.0030934269,0.0320602872,0.0323813625,0.0017196712,0.0001526642,0.0467488714,0.0008389506,0.0019863345,0.0144410686,5.08634e-05,0.0201892994,0.0002916514,0.0009894708,0.1903245254,0.0164804844,0.0863776785,0.019963667,0.034370802,0.0022908496,0.0095377028,0.0033493704,0.6515208884,83.30377,3.9,4.57,199584361,4.11,27.31,41.64,26.94,2015,27.0,42.0,12.1
Indonesia,12705.98,440.59800000000007,439.7819999999999,99.42,41.13,58.29,145.725,276361788.0,29.3,11188.744,6.32,71.72,267670543,737810.0,140.0,2019,0.0017614938,0.0857486959,0.0005435787,0.0002379791,0.0018720775,0.0008446951,0.0020932449,0.0002200466,0.028598216,0.0138244573,0.0019665967,0.0165565473,0.0142432557,0.0002439566,0.0002320016,0.0222620686,4.93144e-05,0.0076018824,0.0028609797,2.12948e-05,0.0397253276,0.000351178,0.0069641582,0.2433891278,0.0157398717,0.0377068014,0.0331265439,0.0472024297,0.0020771804,0.0091085854,0.0028452888,0.6400188757,19.67376,6.9,3.86,69855344,7.10,36.62,41.5,14.78,2017,37.9,70.5,5.3
Iran,58368.15699999999,896.9760000000001,895.7909999999999,136.67,60.21,69.97,49.831,85028760.0,32.4,19082.62,9.59,76.68,81800188,628860.0,50.0,2019,0.0007053774,0.0816526241,0.0021552518,0.0,0.0010586773,0.0027004828,0.001438872,0.003567229,0.0009999977,0.0258214565,0.0002616131,0.0124926363,0.0089816419,0.0003056228,0.0001540339,0.0011760364,8.67969e-05,0.0002811729,0.0051002328,4.64547e-05,0.0180170735,0.0009510981,0.000211491,0.2122256736,0.0153373731,0.0205806373,0.008352059,0.0140366426,0.0005696808,0.0170048509,0.0034816546,0.4597544446,39.00154,25.8,3.49,24056109,8.48,49.13,37.86,4.53,2016,14.0,24.6,3.5
Iraq,36366.446000000054,275.24399999999974,275.113,34.34,13.69,20.6,88.125,41179351.0,20.0,15663.986,8.83,70.6,38433600,168048.0,88.0,2019,0.001111007,0.0635199409,0.002484805,0.0,0.002151763,0.0125307023,0.000213355,0.0015221057,0.0024509804,0.0145783897,0.0009158653,0.0082688065,0.0189157404,0.0001483077,2.60189e-05,0.0016365888,3.90284e-05,0.0002705966,0.0053989218,0.0046287623,0.0240856958,0.0003252363,0.000236772,0.2080263103,0.0205211065,0.0085654219,0.0070771408,0.0095125099,0.0002966155,0.0084795596,0.0021907914,0.4301288456,49.61657,30.4,7.7,5212262,1.23,10.21,20.83,67.74,1997,22.2,40.8,3.6
Ireland,139482.31800000006,735.3109999999999,734.5120000000002,196.22,77.25,78.36,69.874,4982904.0,38.7,67335.293,3.28,82.3,4818690,26959.0,69.0,2019,0.0002075253,0.2154942526,0.000705586,0.0,0.0009338638,0.0006640809,0.0001867728,0.0041505056,0.0006225758,0.0034449197,4.15051e-05,0.0355490808,0.0015356871,0.0019714902,0.0,0.0010168739,0.0001452677,0.0002075253,0.0090273498,0.0,0.0104177691,0.0002075253,0.0001245152,0.214726409,0.0145267697,0.0528774418,0.0080519809,0.024280458,2.07525e-05,0.0343869392,0.008446279,0.6439717019,7.84751,25.3,2.77,1799221,21.58,48.05,26.21,4.16,2011,23.6,26.1,21.2
Israel,102833.06600000005,526.0059999999984,522.1189999999999,180.3,63.82,70.71,402.606,9291000.0,30.6,33132.32,6.74,82.97,8381516,8522.0,380.0,2019,0.0003340684,0.1745149684,0.0005965508,0.0,0.0005607577,0.0021953069,0.0004414476,0.000751654,0.0003102064,0.0072779197,0.0001073791,0.0207480365,0.0026964096,0.000775516,0.0,0.0046053721,0.0001908963,0.0006204128,0.0065024036,7.15861e-05,0.0315813989,9.54481e-05,0.0005130337,0.1478610791,0.0329892587,0.0241841691,0.009019848,0.0246614097,3.5793e-05,0.0331324309,0.0072182646,0.5345930259,19.42415,26.1,3.14,2953648,21.01,39.99,28.29,10.70,2008,25.5,35.2,15.8
Italy,66199.67900000003,1039.9960000000003,1033.9509999999998,184.89,74.37,80.43,205.859,60367471.0,47.9,35220.084,4.78,83.51,60627291,116347.0,201.0,2019,0.0003051431,0.3167748333,0.0008296594,0.0,0.0005789472,0.000804918,0.0010242912,0.0009286247,0.0007026539,0.0086974033,2.96896e-05,0.0204412894,0.0009979004,0.0005789472,0.0,0.0016692153,0.000296896,0.0012750034,0.0071172568,0.0,0.0356110254,0.0001385515,0.0009319235,0.3900998974,0.0272369089,0.051701139,0.0205353065,0.0470464696,0.0001418503,0.080430775,0.0132547568,1.030181276,15.84764,19.9,2.4,25020120,31.10,46.56,21.29,1.05,2011,23.4,27.1,19.6
Japan,11846.736000000004,117.806,117.548,158.35,78.27,79.65,347.778,126050796.0,48.2,39002.223,5.72,84.63,127202192,145919.0,337.0,2019,0.000319963,0.3478509238,0.0012712045,0.0,0.0061901449,0.0005628834,0.0001265701,0.0003852135,0.0030282497,0.005378052,3.1446e-05,0.0933954031,0.0003687043,0.0005267205,6.2892e-05,0.0028851704,0.001677644,0.0014402268,0.0194752933,0.0,0.0069055414,0.0002468511,0.0010966792,0.292827501,0.0356314614,0.0438624517,0.0206348645,0.0477987046,8.17596e-05,0.1296156909,0.0131680121,1.0768462229,13.64744,4.3,2.26,55704949,37.97,44.67,15.72,1.64,2020,21.9,33.2,10.5
Kazakhstan,45825.73699999998,814.0019999999995,814.0049999999999,92.14,44.83,47.31,6.681,18994958.0,30.6,24055.588,7.11,73.6,18319618,1052084.0,7.0,2019,0.0007423736,0.1150296911,0.0024945935,0.0,0.0049564352,0.0095635182,0.0014247022,0.0040885132,0.0041922272,0.0151804475,0.000294766,0.0219054786,0.0086955962,0.0092851281,0.0,0.0003220591,0.0040448442,0.0006604941,0.0233356394,0.0,0.0141269321,0.0025437212,0.0004585248,0.3569452158,0.0102240123,0.0533417236,0.0366001081,0.0485599645,0.0001146312,0.0126585609,0.0040448442,0.7658347461,21.045,21.0,3.5,5381052,14.57,38.32,30.97,16.14,2009,24.4,42.2,6.6
Kenya,3608.460000000001,67.23800000000013,67.16300000000001,18.19,7.56,10.79,87.324,54985702.0,20.0,2993.028,2.92,66.7,51392565,228555.0,87.0,2019,0.0085537665,0.0453217309,0.0016130738,0.0156617986,0.0011947253,0.0089623859,0.0994988283,0.0001790142,0.0326525831,0.008940982,0.007329854,0.0418426284,0.0356413423,0.0006615743,0.0,0.0361219566,0.000472831,0.0089779524,0.0061390203,0.0001323149,0.0120289773,0.0016461525,0.0086821897,0.079021158,0.0092698234,0.014992441,0.0254803394,0.0403735443,0.0028720108,0.0052634073,0.001208346,0.5607367525,21.53547,7.1,3.64,13071338,21.60,31.06,27.84,19.49,2015,11.8,20.8,2.8
Kyrgyzstan,15619.732999999998,218.18399999999983,217.85200000000003,34.02,14.95,18.58,32.333,6628347.0,26.3,3393.474,7.11,71.45,6304030,77200.0,32.0,2019,0.000602789,0.065830905,0.0012690295,0.0,0.0042036602,0.004711272,0.0026966877,0.0009993607,0.0064244618,0.0156566514,0.0009041835,0.0122461346,0.0207327694,0.0063927361,0.0,0.0014911097,0.0016497383,0.0001427658,0.0095177212,0.0,0.0051078437,0.0012214409,0.0001110401,0.2773146701,0.0077569428,0.0240005203,0.0339941276,0.03937164,0.0002855316,0.0114688541,0.0018242299,0.557928817,24.60486,16.6,4.21,1565200,8.21,30.82,36.13,24.85,2012,27.9,52.5,3.4
Latvia,125906.44100000011,2102.9180000000006,2090.058,136.91,67.62,70.42,31.212,1866934.0,43.9,25063.846,4.91,75.29,1928459,24927.0,30.0,2019,0.000414839,0.2904391537,0.0058596009,0.0,0.0063262947,0.007052263,0.0061188752,0.0026445986,0.0027483084,0.0098005713,0.0001037097,0.0181492062,0.0014000816,0.0147786393,0.0,0.0002074195,0.0055484716,0.0002592744,0.0203271109,0.0,0.0173713831,0.0007778231,5.18549e-05,0.8182180695,0.0136378321,0.0224531608,0.0201196914,0.0490028567,5.18549e-05,0.0534623759,0.0098524262,1.3971777466,12.7076,23.6,2.58,736370,26.47,49.93,19.72,3.88,2011,36.7,49.5,24.0
Lesotho,11672.623999999996,284.37000000000023,277.897,38.48,33.7,36.23,73.562,2159067.0,22.2,2851.153,3.94,54.33,2108328,11720.0,69.0,2019,0.0076838139,0.1051069853,0.0058814378,0.0,0.0051699736,0.0356680744,0.5119222436,0.0003320167,0.1232256082,0.0437787669,0.0071146425,0.092063474,0.0537392664,0.0016126523,0.0,0.0678736895,0.0012332047,0.0092016043,0.0349091792,0.0,0.0601898756,0.0022292547,0.0089170186,0.1910518667,0.0265139011,0.0529329402,0.0187352253,0.040838048,0.0011383428,0.0061185926,0.0017549452,1.5169366436,27.79676,16.6,3.34,600072,20.66,37.91,27.90,13.52,2014,29.7,54.7,4.6
Liberia,864.4339999999994,39.37799999999999,39.379999999999995,16.99,14.58,15.15,49.127,5180208.0,19.2,752.788,2.42,64.1,4818973,43000.0,43.0,2019,0.0089645657,0.0426024383,0.0022203901,0.0951862565,0.0017846126,0.0026354163,0.0342811632,0.0001452592,0.0220378906,0.0104379087,0.0147956836,0.0402575404,0.0464829332,0.0006640419,0.0,0.0492428573,0.0003942749,0.006702673,0.0053745892,0.0,0.0131563302,0.0011828246,0.0062253928,0.0892098794,0.0133845946,0.0110811993,0.0198175005,0.0316249956,0.0013280838,0.0058933719,0.0014940943,0.5786087617,50.63222,9.9,4.95,923685,9.67,24.81,28.74,36.78,2013,8.4,15.1,1.8
Lithuania,139102.67599999998,2063.3070000000016,2044.3429999999998,153.6,68.11,71.3,45.135,2689862.0,43.5,29524.265,3.67,75.93,2801264,25212.0,43.0,2019,0.0005711707,0.2809446022,0.0021418902,0.0,0.0059972927,0.0053547256,0.0021775884,0.0060329908,0.0054261219,0.0093529207,7.13963e-05,0.0189557286,0.0010352469,0.0113163201,0.0,0.0004997744,0.0071396341,0.0001427927,0.0305933322,0.0,0.0084961646,0.0029629482,7.13963e-05,0.7604067307,0.0093529207,0.0278088749,0.0296294815,0.067183957,3.56982e-05,0.055046579,0.0098526951,1.3586009744,10.4691,26.3,2.32,1204383,34.71,45.4,18.00,1.89,2011,27.1,35.3,19.0
Luxembourg,90342.99299999999,661.6130000000006,661.611,169.56,67.69,73.16,231.447,634814.0,39.7,94277.965,4.42,82.25,604245,998.0,234.0,2019,0.0001654958,0.2143170403,0.0004964874,0.0,0.0004964874,0.0011584705,0.0003309916,0.0024824368,0.0003309916,0.0062888398,0.0,0.0226729224,0.0009929747,0.004633882,0.0,0.0028134283,0.0001654958,0.0013239663,0.0114192091,0.0,0.0112537133,0.0001654958,0.0011584705,0.2204403843,0.0196939983,0.0365745683,0.0148946206,0.0350851062,0.0,0.0398844839,0.0094332597,0.6586732203,10.0889,22.6,2.41,259519,32.30,44.15,21.45,2.10,2011,21.7,23.6,19.8
Madagascar,1145.5449999999998,26.942999999999998,26.911,2.61,1.9,2.07,43.951,28427333.0,19.6,1416.44,3.94,67.04,26262313,226755.0,45.0,2019,0.0079353254,0.0419270001,0.0015421338,0.0225418073,0.0016639814,0.0019686004,0.0096335764,0.0001865791,0.0467133264,0.0111604793,0.0089405682,0.0520670057,0.0476119525,0.0006054303,0.0,0.0697349087,0.0005330833,0.0201238939,0.0057953768,0.0005292755,0.010844437,0.0014431326,0.0194346934,0.1347824923,0.0073793957,0.0229606585,0.0172262055,0.0273738265,0.0009481267,0.0032708467,0.0007920094,0.5976701291,17.8598,5.3,4.95,5304084,5.34,25.30,33.14,36.22,2011,28.9,46.9,11.0
Malawi,3480.8749999999986,110.61500000000005,110.54799999999999,9.17,3.59,7.6,197.519,19647681.0,18.1,1095.042,3.94,64.26,18143217,45747.0,153.0,2019,0.0130572213,0.0557233042,0.0017692562,0.0390008012,0.0019621658,0.0018353967,0.0784149801,0.0002149564,0.0433274871,0.0114478044,0.0063439687,0.0507407259,0.0563295914,0.0006944744,0.0003251904,0.0418668861,0.0004684946,0.0113651289,0.0066636474,0.0,0.0137627191,0.0015983935,0.0109076577,0.0862581316,0.0098273641,0.0132391075,0.020343691,0.0322158964,0.0016535105,0.005616424,0.0011795042,0.6181538809,22.33194,5.8,4.51,4091853,6.45,28.1,35.56,29.9,2015,12.8,20.4,5.2
Malaysia,80638.04300000005,946.2299999999997,945.931,176.27,78.21,79.37,96.254,32776195.0,29.9,26808.164,16.74,76.16,31528033,127723.0,95.0,2019,0.0009229881,0.0992576987,0.0009864237,1.58589e-05,0.0024549581,0.0018301173,0.0048242781,0.0004377057,0.0063181867,0.0240801575,0.000808804,0.0688625262,0.0041835785,0.0005582334,3.1718e-06,0.0043167932,4.12331e-05,0.0007580555,0.0057187202,0.0,0.0119861585,0.0006533868,0.0007295095,0.1865768156,0.0193637199,0.0237027156,0.0151706261,0.0319461731,0.0006406997,0.0116309191,0.0032320443,0.5320122572,16.55023,15.6,4.56,7176812,7.14,25.64,37.86,29.36,2000,21.8,42.7,1.0
Mali,661.9420000000005,18.671999999999983,18.412,5.07,1.88,4.21,15.196,20855724.0,16.4,2014.306,2.42,59.31,19077749,478838.0,15.0,2019,0.0328130955,0.048936591,0.0039784568,0.0943507539,0.0052050166,0.0121345553,0.0235667216,9.95925e-05,0.0295527528,0.0144513905,0.0184508141,0.0795901026,0.1677661238,0.0005241709,0.0,0.0727653981,0.0007023889,0.0779179976,0.004963898,0.006132799,0.014440907,0.0029615653,0.0761882337,0.1023129091,0.0141421297,0.0239755749,0.0171246618,0.0327397116,0.0021543422,0.0064263347,0.0017035553,0.9880725446,60.6721,8.6,5.81,3484826,3.11,20.29,30.32,46.28,2018,12.0,22.4,1.7
Malta,76659.55699999993,497.9809999999992,496.028,207.76,84.46,86.15,1454.037,516100.0,42.4,36513.323,8.83,82.53,439248,122.0,1390.0,2019,0.0004553236,0.2281171457,0.0004553236,0.0,0.0009106473,0.0011383091,0.0002276618,0.0020489564,0.0002276618,0.0034149273,0.0,0.0437110698,0.00250428,0.0006829855,0.0,0.0006829855,0.0002276618,0.0002276618,0.0054638837,0.0,0.0280024041,0.0002276618,0.0002276618,0.3394437766,0.0239044913,0.0357429061,0.0091064729,0.0282300659,0.0,0.0500856008,0.0118384147,0.8173059411,13.0654,28.9,2.85,180375,17.15,49.78,30.40,2.66,2011,25.1,27.8,22.5
Mauritius,53362.264,609.379,609.379,159.95,71.45,74.41,622.962,1273428.0,37.4,20292.745,22.02,74.99,1267185,760.0,644.0,2019,0.0003945754,0.1197141696,0.0016572166,0.0,0.0029198578,0.0025252824,0.0071812719,0.0011048111,0.0011837261,0.0130209875,0.0005524055,0.0228064568,0.0068656116,0.0059975457,0.0,0.0023674523,0.0,0.0012626412,0.0089174035,0.0,0.1498597285,0.0003156603,0.0012626412,0.261129985,0.0994329952,0.0423773956,0.0207546649,0.0314082001,7.89151e-05,0.0254895694,0.0049716498,0.8355528198,15.26528,10.8,3.48,364285,9.97,41.02,40.24,8.77,2011,26.9,48.3,5.4
Mexico,19518.60000000002,1294.6909999999993,1324.8429999999998,114.24,55.87,62.89,66.444,130262220.0,29.3,17336.469,13.06,75.05,126190788,758445.0,64.0,2019,0.0004136594,0.0843334143,0.0009089412,7.925e-07,0.0018804859,0.0243068456,0.0039891977,0.0004723007,0.0020572025,0.0167230908,0.0008075074,0.0179030501,0.0098137116,0.003580293,0.0,0.0039083677,0.0001204525,0.0059893437,0.0061850791,0.0,0.0585129875,0.0003732444,0.0053450811,0.1327632569,0.0574835938,0.0305283774,0.036712664,0.0563622758,0.0001917731,0.0187470103,0.0039408582,0.584354858,20.10763,28.9,3.74,34167462,10.08,37.68,37.75,14.49,2015,13.9,21.2,6.5
Moldova,57379.61700000004,1661.5630000000017,1802.9220000000003,44.15,24.41,24.6,123.655,4024025.0,37.6,5189.972,5.72,71.9,4051944,13068.0,120.0,2019,0.0004935902,0.1541235516,0.0023939127,0.0,0.0041214785,0.0051333385,0.0040227604,0.0006910263,0.0045410302,0.0088846243,0.0001480771,0.0215205343,0.0035044907,0.0108343057,0.0,0.0001974361,0.0047631458,4.9359e-05,0.013549052,0.0,0.0070089814,0.0044423121,2.46795e-05,0.578438399,0.0060464804,0.023963806,0.0677452601,0.0866991252,2.46795e-05,0.0310715054,0.0040227604,1.0484597023,13.95982,18.9,2.89,914026,22.64,43.62,27.87,5.87,2014,25.3,44.6,6.0
Mongolia,116577.39199999998,618.1439999999994,618.152,160.41,64.99,68.06,1.98,3329282.0,28.6,11840.846,4.82,69.87,3170216,603905.0,2.0,2019,0.0007570462,0.1880313518,0.0031228156,0.0,0.0050154311,0.0090845545,0.0004731539,0.0006308718,0.0117026726,0.0211972938,0.0012932873,0.0167181038,0.0178221295,0.0184214577,0.0003785231,0.001545636,0.0082959647,0.0004731539,0.0186738065,0.0,0.0043845593,0.0028073797,0.0,0.309316463,0.0123335445,0.0142892472,0.0522361883,0.0689227485,0.0004731539,0.0070973082,0.0016718104,0.7971696566,42.28819,20.6,4.32,774771,6.61,28.72,40.34,24.33,2000,27.6,49.1,6.2
Morocco,13981.11099999998,198.79199999999994,198.07300000000004,134.6,61.57,65.95,80.08,37344787.0,29.6,7485.013,7.14,76.68,36029093,172413.0,81.0,2019,0.0011102139,0.0776233806,0.0022426321,0.0,0.0009825393,0.0009714372,0.0013711142,0.0011296426,0.0109134027,0.0254905112,0.0015737282,0.0173415412,0.014252371,0.0003080844,0.0,0.0038163603,0.0002886556,0.00059674,0.0071220222,0.0,0.0183657135,0.0006439241,0.0004746164,0.3248319351,0.025867984,0.0260150873,0.0126314587,0.020600019,0.0010713564,0.0137250194,0.0038579933,0.6152194839,34.99173,26.1,5.24,6890065,5.88,21.48,31.96,40.68,2004,14.7,28.6,0.9
Mozambique,5294.460000000004,57.15599999999999,57.147,45.76,18.92,26.84,37.728,32163045.0,17.7,1136.103,3.3,60.85,29496004,309494.0,37.0,2019,0.0092521007,0.0458740106,0.0023291291,0.069595868,0.0024274475,0.0061398147,0.2247897715,0.0004576891,0.0701789978,0.0168802527,0.0070246804,0.0526308581,0.0824416758,0.0008746948,0.0021799563,0.0300616992,0.0005424464,0.0119677228,0.008272307,0.0005390561,0.0159750453,0.0020951991,0.0113981541,0.1074450627,0.0089673164,0.0127440992,0.008635068,0.0238472981,0.0016307294,0.005183753,0.0011560888,0.8435379925,20.71532,7.2,4.37,6885971,9.85,30.96,30.10,29.09,2011,14.4,23.4,5.4
Namibia,47704.895000000055,1323.6879999999999,1321.819,24.36,10.97,13.39,3.078,2587344.0,22.0,9541.808,3.94,63.71,2448301,318250.0,3.0,2019,0.0040844651,0.0653514417,0.0035943293,0.007842173,0.0029816595,0.0178899572,0.1540660237,0.0002450679,0.033941905,0.0234856744,0.0031450381,0.0596740352,0.0360249822,0.0011436502,0.0,0.0284278771,0.0006943591,0.007719639,0.0106604539,0.0,0.0322672743,0.0011844949,0.0075154158,0.1530449075,0.0142547832,0.032308119,0.0138463367,0.0297757506,0.0003267572,0.0093125804,0.0021647665,0.7569739178,24.23679,17.2,4.24,590931,17.45,29.84,25.56,27.16,2013,17.9,28.4,7.4
Nepal,19120.925999999992,327.8749999999994,327.68399999999997,74.1,32.81,41.28,204.43,29674920.0,25.0,2442.804,7.26,70.78,28095714,56827.0,191.0,2019,0.0016692938,0.076912087,0.000679819,3.5593e-06,0.0052534703,0.001904205,0.0051039813,0.0001281334,0.0266517519,0.0096847512,0.0061005746,0.0311791329,0.0298871209,0.0008079524,0.0004235521,0.0200279658,0.0008079524,0.0046270403,0.0125570754,7.47445e-05,0.0123648753,0.0017725123,0.0035165506,0.1655092303,0.018180709,0.1452178791,0.0282783346,0.0403015207,0.0019326791,0.0087130727,0.003114354,0.6633858816,82.82545,4.1,4.24,7075702,6.45,33.96,36.57,23.02,2016,31.9,48.6,15.3
Netherlands,135754.21499999994,549.8720000000006,547.7760000000001,162.9,71.18,77.54,508.544,17173094.0,43.2,48472.545,5.29,82.28,17059560,14422.0,457.0,2019,0.0005627343,0.3312688018,0.0006330761,0.0,0.0004689453,0.0008441015,0.000287229,0.0010316796,0.0005803198,0.0047480709,4.10327e-05,0.0371052946,0.0018054393,0.0028136716,0.0,0.0024912718,9.37891e-05,0.0012309813,0.0118232827,0.0,0.019678116,8.20654e-05,0.0007385888,0.2495316409,0.0221576641,0.0631083099,0.0106098868,0.0379728434,2.93091e-05,0.0510857255,0.0112488247,0.8640726959,12.03303,20.4,2.23,7874258,35.11,45.53,18.01,1.35,2011,23.4,25.6,21.3
New Zealand,2332.269,5.07,5.072,159.68,75.21,77.52,18.206,5126300.0,37.9,36085.843,8.08,82.29,4743131,104427.0,18.0,2019,0.0002740806,0.223143742,0.0004849118,0.0,0.001054156,0.001222821,0.0001897481,0.0013704028,0.0003794962,0.0074212582,0.0001264987,0.0188904755,0.0021293951,0.0012017378,4.21662e-05,0.0016866496,0.0001475818,0.0003162468,0.0107945574,0.0,0.0141256904,0.000168665,0.0002529974,0.2519011176,0.0192910548,0.0505151555,0.0062616866,0.0229384345,2.10831e-05,0.0435577259,0.0084964974,0.6884060339,6.05027,30.8,2.67,1906474,22.84,50.52,22.09,4.55,2013,14.8,16.1,13.5
Niger,159.25300000000027,6.74,6.566,3.87,1.85,2.02,16.955,25130810.0,15.1,926.0,2.42,62.42,22442831,489189.0,18.0,2019,0.0346302122,0.0310834226,0.0031546822,0.1061452541,0.0039700874,0.0087422126,0.0063405548,6.23807e-05,0.0262088147,0.0124093079,0.0156130035,0.1053432163,0.1004596969,0.0004500324,0.0,0.1278537454,0.000552515,0.0109121706,0.0043310044,0.0017600275,0.0093927544,0.0021476791,0.0105646208,0.0766436284,0.0098071406,0.0161254166,0.0148154215,0.0289580223,0.0015817969,0.003805224,0.0010604723,0.7749245182,80.07251,5.5,5.92,3920330,3.19,19.86,28.99,47.96,2012,8.6,16.3,0.8
Nigeria,723.3930000000001,8.212000000000003,8.174,7.02,2.12,4.88,209.588,211400704.0,18.1,5338.454,2.42,54.69,195874685,356667.0,212.0,2019,0.0229299667,0.0416378462,0.002050801,0.0975654409,0.0016097027,0.0066154542,0.0420013439,0.0001398854,0.0231157998,0.0094488984,0.0090108632,0.0883105441,0.0997561272,0.0006233577,0.0,0.0924764729,0.0004732618,0.0028058756,0.004068928,0.0015754971,0.0124942128,0.001858331,0.0025506104,0.0834696939,0.0102335838,0.0125110603,0.0206157319,0.0357764455,0.0012967475,0.0061840559,0.0017021087,0.7349086484,70.49678,8.9,4.9,42057041,11.51,25.53,27.86,35.10,2015,4.8,9.0,0.5
Norway,63022.21700000001,159.0070000000002,158.99399999999997,178.81,71.8,78.44,14.462,5465629.0,39.7,64800.057,5.31,82.4,5337962,125014.0,16.0,2019,0.0003559411,0.2374501729,0.001011622,0.0,0.0009741546,0.0005994797,0.0002622724,0.0044773642,0.0008242846,0.0037842158,1.87337e-05,0.0381418976,0.0009928883,0.0045148317,0.0,0.0065380758,0.0005994797,0.0018921079,0.0105283627,0.0,0.0124766718,0.0003746748,0.001742238,0.2383681263,0.0145373834,0.0519111976,0.0067441469,0.0263958417,3.74675e-05,0.0493259412,0.009423072,0.7243026458,6.66793,23.1,2.22,2426071,39.58,40.73,18.13,1.56,2011,13.0,15.5,10.5
Oman,33813.756999999976,501.0009999999997,501.017,117.13,55.56,59.77,14.98,5223376.0,30.7,37960.709,12.61,77.86,4829473,119498.0,16.0,2019,0.0002898867,0.028326072,0.0004555362,0.0,0.0023812122,0.0006211858,0.0020292069,0.0003520053,0.0003727115,0.0425098142,0.0002898867,0.0084274205,0.0070401056,0.0001656495,0.0,0.0007454229,0.0001863557,0.0007868353,0.0024433308,0.0,0.0145978661,0.0004969486,4.14124e-05,0.1034895526,0.0041205324,0.0050523111,0.0057770278,0.0072471675,0.000641892,0.0033751095,0.0012423716,0.2435048296,44.23674,27.0,8.02,554430,10.62,19.07,18.37,51.94,2003,9.6,18.5,0.7
Pakistan,3603.7770000000028,82.93900000000019,82.691,69.55,31.34,43.06,255.573,225199929.0,23.5,5034.708,8.35,67.27,212228286,307372.0,267.0,2019,0.0084753076,0.0847073703,0.0013089678,0.0018993698,0.0016388013,0.0063356305,0.0018607322,0.0004085224,0.0295785266,0.0091165982,0.0076153845,0.0321319091,0.1176963753,0.0010092905,0.0001060179,0.0362929944,0.0002054392,0.0068939915,0.0083344215,0.0002355954,0.0224724993,0.0009923277,0.003982504,0.1607269259,0.0209161563,0.038994802,0.0207653753,0.0293792129,0.0040126602,0.0051642503,0.002013398,0.6652713578,63.86198,8.6,6.8,32462785,1.08,12.88,25.16,60.88,2013,20.0,33.6,6.4
Panama,56186.768999999986,767.7589999999981,758.8580000000001,134.48,56.33,69.13,55.133,4381583.0,29.7,22267.037,8.33,78.51,4176869,29119.0,55.0,2019,0.0008618896,0.0953824503,0.0005506517,0.0,0.0030166136,0.0149633613,0.0129283442,0.0004548862,0.0045009791,0.0126889304,0.001268893,0.0195840473,0.0086188961,0.0007661241,0.0,0.0044530963,4.78828e-05,0.0030166136,0.0047643342,0.0,0.0291366571,0.0002154724,0.002849024,0.1273202487,0.0276283503,0.0209965886,0.0120425132,0.0223851885,2.39414e-05,0.0252342125,0.0045488618,0.4602490526,13.22791,22.7,3.67,1165778,14.66,38.02,31.26,16.06,2010,6.9,11.1,2.7
Paraguay,49552.60000000001,1989.3259999999977,1986.9410000000003,94.65,40.83,48.06,17.144,7219641.0,26.5,8827.01,8.27,74.25,6956066,157047.0,17.0,2019,0.0009344362,0.0882826586,0.0008625565,0.0,0.0026020455,0.0118314001,0.0081942868,0.0002156391,0.0034789779,0.0215782886,0.0016388574,0.0211901382,0.0078923921,0.0045715495,0.000244391,0.0026020455,8.62557e-05,0.0043702863,0.0061385272,0.0,0.0351779296,0.0001725113,0.0042840307,0.1424943352,0.0270698984,0.0165035812,0.0107819564,0.0239790709,2.87519e-05,0.0181280626,0.0030764515,0.4684113118,12.84044,20.3,4.63,1565626,8.09,27.32,33.15,31.44,2002,12.8,20.8,4.7
Peru,38420.763,3281.192000000001,3276.826,150.44,64.78,73.56,25.129,33359415.0,29.1,12236.706,5.95,76.74,31989260,496222.0,25.0,2019,0.000447025,0.1043944124,0.0008690417,5.93949e-05,0.0021507218,0.0035699482,0.0075056441,0.0005189242,0.0060739136,0.0148643639,0.0015192599,0.056828448,0.0122947514,0.0010691088,0.0002375797,0.0038200321,0.0001969411,0.0040638639,0.003176066,0.0,0.0148831201,0.0004595292,0.0036606036,0.0913275268,0.0251459396,0.0217604283,0.0213446638,0.0364153469,9.37815e-05,0.0223324953,0.004576536,0.4656594119,31.0593,19.7,3.75,8695193,12.91,34.68,36.02,16.39,2012,9.6,15.6,3.6
Philippines,21325.751000000004,380.5110000000001,380.479,97.74,44.69,50.53,351.873,111046910.0,25.2,7599.188,7.07,71.23,106651394,115830.0,356.0,2019,0.001927776,0.076249355,0.0009413848,4.31312e-05,0.0044931433,0.0145989653,0.0048963261,0.0003047311,0.0273611051,0.0102624069,0.0017430621,0.0547700295,0.0221966156,0.0010360858,7.5011e-06,0.0078686266,0.0001800258,0.0033857973,0.0042840509,0.0003928688,0.0259537161,0.0001790881,0.0028232167,0.1915689916,0.0312776034,0.0311566485,0.0133959806,0.0262021892,0.0001284559,0.0098198435,0.0022775136,0.5717262355,18.79358,6.4,4.23,25893157,9.18,30.05,36.82,23.95,2017,24.3,41.6,7.0
Poland,74144.53899999998,1801.6680000000028,1798.9789999999998,124.32,55.68,57.34,124.027,37797000.0,41.8,27216.445,5.91,78.73,37921592,120420.0,122.0,2019,0.0003559977,0.3219274128,0.0014609091,0.0,0.0020674238,0.0016270414,0.0003533607,0.0005564112,0.0014740942,0.0101604384,3.69183e-05,0.0314069093,0.0014371759,0.011550148,0.0,0.0006988103,0.0009255941,0.0003296275,0.0173463182,0.0,0.0214231512,0.0005880555,0.000266339,0.4607823427,0.0123808093,0.029927541,0.0225860771,0.0478487296,2.90072e-05,0.0487031241,0.00905289,1.0573026575,22.76563,23.1,2.81,13666831,20.67,49.49,24.80,5.04,2011,26.0,30.3,21.6
Portugal,95301.35699999997,1178.5000000000005,1171.331,190.04,89.53,91.59,112.371,10167923.0,46.2,27936.896,9.85,82.05,10256193,35603.0,111.0,2019,0.0003510074,0.308603787,0.001511282,0.0,0.0009165194,0.0016185343,0.0046995995,0.0004972605,0.0021840463,0.0093309477,4.8751e-05,0.0807219599,0.0009555202,0.0017745376,0.0,0.0023107989,0.0003900083,0.0016087841,0.0132310303,0.0,0.0413896267,0.000234005,0.001228526,0.3641994647,0.0396638402,0.0687584565,0.0203974321,0.0529728721,3.90008e-05,0.0643708635,0.0129385241,1.0969469861,8.1761,20.8,2.66,3876822,18.91,56.47,22.68,1.93,2011,27.9,33.3,22.4
Romania,61308.227,2243.3840000000014,2239.31,82.73,40.87,28.62,85.129,19127772.0,43.0,23313.199,9.74,76.05,19506114,92043.0,82.0,2019,0.0003075959,0.2696077753,0.0020865253,0.0,0.0032297566,0.0019481071,0.0007279769,0.0007638631,0.0048241285,0.0116630099,0.0001332915,0.0326154148,0.002255703,0.0027939958,0.0,0.0004665204,0.0015277261,0.0003844948,0.0111862363,0.0,0.0124012399,0.0016097517,0.000343482,0.7711787186,0.0156002369,0.0415562013,0.0532448442,0.0749816186,3.07596e-05,0.0454934284,0.0106325637,1.3735949662,15.06436,22.5,2.88,6709224,20.91,46.98,26.47,5.63,2011,25.5,35.2,15.8
Russia,49114.83199999997,1685.0790000000002,1682.0819999999999,100.31,45.76,50.6,8.823,145912022.0,39.6,24765.954,6.18,72.58,145734038,6601633.0,9.0,2019,0.0007843054,0.2036737636,0.0045281117,0.0,0.0048622821,0.0152915546,0.0128192427,0.0040326886,0.0054771007,0.0143185492,0.0001413534,0.0226247762,0.0024400614,0.0195287253,0.0,0.0002902548,0.0062469963,0.0003122126,0.0267885255,1.37236e-05,0.0128631583,0.0039832836,0.0001688006,0.6895650555,0.0079953868,0.0270286891,0.0316343393,0.0623649775,3.91123e-05,0.0332365731,0.0064432442,1.2194968481,11.77739,23.1,2.58,56771478,25.97,50.83,19.55,3.65,2010,28.3,40.9,15.7
Rwanda,7782.615000000003,94.5989999999999,94.302,94.82,40.94,57.47,494.869,13276517.0,20.3,1854.211,4.28,69.02,12301970,10169.0,467.0,2019,0.0080881355,0.0580638711,0.0017802027,0.027524047,0.0017233012,0.0037473673,0.0249147088,0.0001544468,0.0321899663,0.0195253281,0.0068200459,0.0458544445,0.0458056718,0.0009998399,0.0,0.0297594613,0.0004145677,0.009283066,0.0061697435,8.1288e-06,0.0155747413,0.0014956954,0.0089010134,0.0961309449,0.0102910347,0.020484524,0.0211266976,0.034929365,0.0014469227,0.0062754177,0.0012843471,0.5407670479,36.22432,5.8,4.26,2973056,8.15,30.76,34.88,26.2,2015,13.3,19.7,6.9
Senegal,3238.5360000000023,86.04600000000008,85.716,11.07,5.34,7.66,82.328,17196308.0,18.7,2470.58,2.42,67.94,15854323,75951.0,81.0,2019,0.0098585099,0.0517902909,0.0017850021,0.0425120644,0.0015894718,0.001179489,0.010110807,0.0001261486,0.0235393211,0.0114984412,0.0111452252,0.0428463581,0.0592141336,0.0005613611,0.0,0.0420074701,0.0004162902,0.0026806569,0.0071021639,1.26149e-05,0.0163930052,0.0013687119,0.0024977415,0.1007990061,0.0154342762,0.0174274234,0.0149170671,0.0275886898,0.0006748948,0.0078590552,0.0021066809,0.527042372,60.17498,8.8,8.66,1928689,6.92,11.47,15.48,66.13,2017,9.1,17.4,0.7
Serbia,139610.774,1377.282999999999,1371.743,119.91,46.68,48.16,80.291,6871547.0,41.2,14048.881,10.08,76.0,8802754,34116.0,100.0,2019,0.0003067222,0.3231261489,0.0011700884,0.0,0.0011360081,0.0023060965,0.0005452839,0.0008179258,0.0014540904,0.0082814992,7.95206e-05,0.0178466875,0.001953934,0.0042713905,0.0,0.0004657633,0.0005680041,0.0002272016,0.0174377246,0.0,0.0421459012,0.0003976028,0.0001249609,0.7244210164,0.0285933243,0.0439067137,0.0159154737,0.0482235446,4.54403e-05,0.0291613284,0.0095424682,1.3244718641,25.50415,21.5,2.88,2405804,22.33,44.81,26.19,6.67,2011,40.6,40.0,41.2
Sierra Leone,544.0099999999995,5.777000000000003,5.773,10.67,4.44,8.64,104.7,8141343.0,19.1,1390.3,2.42,54.7,7650150,27915.0,106.0,2019,0.0213067718,0.0496853003,0.0030587636,0.1531603955,0.0040129932,0.0019346026,0.0365744463,0.0001307164,0.0327967425,0.0195159572,0.0181695784,0.0975144278,0.0884296386,0.0006405103,9.15015e-05,0.0489402169,0.000653582,0.0154245342,0.0064181748,0.0,0.0143134448,0.0023267518,0.0149408835,0.1177623968,0.0135422181,0.0193329543,0.0155813938,0.0303784893,0.001882316,0.006339745,0.0017777429,0.8366371901,51.27564,8.7,5.9,1373151,4.00,15.87,30.74,49.38,2013,19.8,31.0,8.5
Singapore,40482.61100000001,146.494,146.50799999999998,214.16,86.43,87.26,7915.731,5453600.0,42.4,85535.383,10.99,83.62,5757499,276.0,8041.0,2019,8.68433e-05,0.1215979369,0.0002257925,0.0,0.0002952671,0.0004342163,0.0006252715,0.0002778984,0.0010073819,0.0029179336,3.47373e-05,0.0602865932,0.0005210596,0.0002257925,0.0,0.0006252715,3.47373e-05,3.47373e-05,0.0080590548,0.0,0.0031089888,5.2106e-05,1.73687e-05,0.1182805242,0.0131654387,0.0130264895,0.0043942691,0.0102822423,1.73687e-05,0.0256534999,0.0041163707,0.3894051914,19.0006,6.1,3.29,1727455,12.21,38.95,37.69,11.15,2010,16.5,27.8,5.1
Slovakia,199293.30299999993,2639.819999999998,2639.8030000000003,114.8,48.04,50.41,113.128,5449270.0,41.2,30155.152,7.29,77.54,5453014,18933.0,111.0,2019,0.0003667696,0.2549232406,0.0011369859,0.0,0.0023289872,0.0021639409,7.33539e-05,0.0003300927,0.0005684929,0.0078305319,5.50154e-05,0.033926192,0.002090587,0.0039977891,0.0,0.0003300927,0.002017233,0.0001833848,0.0127452451,0.0,0.0152392787,0.0004584621,0.0001467079,0.4913979682,0.0139005695,0.021034239,0.0310653888,0.0548137232,3.6677e-05,0.0359250866,0.006656869,0.9957429047,18.52632,20.5,2.8,1948989,20.83,47.99,26.99,4.20,2011,32.3,38.6,26.0
Slovenia,163609.11500000014,1376.2989999999975,1354.1970000000001,132.87,57.22,60.16,102.619,2078723.0,44.5,31400.84,7.25,81.32,2077837,7827.0,102.0,2019,0.0002887618,0.3049324851,0.0005293967,0.0,0.0009625394,0.0009144124,9.62539e-05,0.0013475552,0.0006256506,0.006545268,4.8127e-05,0.0333519906,0.0007219046,0.0100585368,0.0,0.0002887618,0.0006737776,9.62539e-05,0.0197320579,0.0,0.0171813285,0.0002887618,4.8127e-05,0.375245989,0.0125611393,0.0307531341,0.0273842462,0.0540947148,4.8127e-05,0.0643457596,0.0099141559,0.9730792165,17.06109,20.2,2.47,851149,32.60,43.69,20.54,3.16,2015,22.7,25.1,20.3
South Africa,39402.634,1036.9189999999999,1032.1109999999999,46.47,26.37,31.49,46.754,60041996.0,27.3,12294.876,5.52,64.13,57792518,471442.0,47.0,2019,0.003843058,0.0948271539,0.0037703843,0.0008028721,0.0026145253,0.033087328,0.248909383,0.0001989877,0.0342345353,0.0332897764,0.002386122,0.0500774166,0.0296543577,0.0010070508,0.0001176623,0.0233594252,0.000728468,0.0036354187,0.0136072977,6.57525e-05,0.0475338347,0.0008841975,0.0035246777,0.1430306255,0.0213747392,0.0308465535,0.0100774291,0.023110258,0.0002145606,0.0114253544,0.0022494261,0.8744886319,28.32529,28.3,3.36,17733119,23.84,36.32,24.66,15.17,2016,31.4,46.8,16.0
Spain,93410.20700000007,825.0630000000014,825.068,178.69,81.01,84.85,93.105,46745211.0,45.5,34272.36,7.17,83.56,46692858,195364.0,92.0,2019,0.0003319565,0.2694951763,0.0005118556,0.0,0.0009102034,0.0007174545,0.0014541838,0.001559125,0.0008095456,0.0055040537,3.21248e-05,0.0303772367,0.0010344194,0.0009187701,0.0,0.0025978277,0.0001263577,0.001000153,0.0080504817,2.1417e-06,0.021705675,0.0002312988,0.0006467799,0.2816126612,0.0313645397,0.0782989124,0.0176001221,0.0497120994,2.99832e-05,0.0625534637,0.0131433377,0.8823319404,9.99323,23.8,2.69,17565288,19.06,53.4,25.56,1.98,2011,27.9,29.1,26.7
Sweden,86357.41600000001,647.9229999999989,647.923,173.15,72.19,75.52,24.718,10160159.0,41.0,46949.283,4.79,82.8,9971638,173859.0,22.0,2019,0.0003108817,0.2655531619,0.0008925314,0.0,0.0009326452,0.0012034131,0.0002005689,0.0048637947,0.000792247,0.0036904669,3.00853e-05,0.0285409478,0.0012535553,0.0036503531,0.0,0.0074411045,0.0005916781,0.0012736122,0.013728938,0.0,0.0207488479,0.0003309386,0.0010730434,0.3618964106,0.0200468569,0.0449073663,0.0107204052,0.0323517561,3.00853e-05,0.0565303313,0.0126157809,0.8962018076,5.72135,20.6,2.17,4776239,40.32,38.32,14.86,?,2020,28.8,28.2,29.3
Switzerland,101006.21000000004,489.80400000000026,482.8180000000001,158.98,66.9,68.58,214.243,8715494.0,43.1,57410.166,5.59,83.78,8525611,15940.0,207.0,2019,0.0003166928,0.2374961748,0.0004574452,0.0,0.000609927,0.0006333857,0.0004339865,0.0024866253,0.0004574452,0.0039645252,4.69175e-05,0.0228253435,0.001735946,0.003249034,4.69175e-05,0.0029557999,0.000129023,0.0011142896,0.013735086,0.0,0.0163507343,0.0001172936,0.0008914317,0.2811411405,0.0260157307,0.0360560668,0.0124917733,0.0348596716,4.69175e-05,0.0602654754,0.0113422956,0.7722730957,10.04367,19.5,2.21,3901112,37.51,43.64,17.23,1.62,2000,25.1,27.8,22.5
Tanzania,468.2550000000001,11.642999999999997,11.643,3.95,2.21,3.38,64.699,61498438.0,17.7,2683.304,5.75,65.46,56313438,365754.0,59.0,2019,0.0066857932,0.0557895258,0.0021273785,0.0302130373,0.0022552344,0.0061477333,0.0481678991,0.0003427246,0.0358173834,0.0103421141,0.0097774176,0.05858282,0.0703100386,0.0006215213,0.0,0.0279542513,0.0004297376,0.012229763,0.0057375293,3.37397e-05,0.0149697839,0.0018112906,0.0117432006,0.0967602085,0.0110666303,0.0124322014,0.0151775496,0.0257878057,0.0011311687,0.0064709244,0.0013389344,0.5822553402,24.60327,8.4,4.85,11880255,9.63,25.77,29.99,34.6,2015,13.3,23.5,3.1
Thailand,31683.276000000023,309.2879999999999,309.274,148.84,65.61,73.2,135.132,69950844.0,40.1,16277.671,7.04,77.15,69428453,198116.0,135.0,2019,0.0014936239,0.1664216831,0.0009895079,1.4403e-06,0.0065088588,0.0058117383,0.0247953098,0.0007000012,0.0111985788,0.0281455213,0.0004061735,0.0447035742,0.0024370412,0.0009131703,1.00823e-05,0.0089459,6.33746e-05,0.001428809,0.0102364372,8.64199e-05,0.0281872909,0.0002232514,0.0013452698,0.1668336179,0.0395313432,0.0344599353,0.0282348218,0.0470052242,0.000277984,0.0310434686,0.0058794339,0.6983188866,27.32291,10.0,3.69,18042640,18.36,44.71,28.16,8.77,2010,22.8,42.5,3.1
Togo,3125.7629999999986,21.23999999999998,21.23,28.47,12.04,16.42,143.366,8478242.0,19.4,1429.813,6.15,61.04,7889093,21925.0,139.0,2019,0.0079223302,0.0485733911,0.0019393864,0.0689052595,0.0018633321,0.0070857322,0.0437059114,0.0002281631,0.0269232471,0.0184178333,0.0069843263,0.0552154728,0.0572689408,0.0006718136,0.0,0.0741276595,0.0004816777,0.0030041476,0.0074913555,0.0,0.0132588119,0.0013182758,0.0027886602,0.105981765,0.0127264313,0.0168840702,0.0161235265,0.0295344471,0.0010901126,0.0050702914,0.0014070058,0.6369933781,46.12588,8.4,4.55,1693139,15.65,26.22,27.69,30.45,2014,7.6,13.5,1.6
Turkey,85388.78199999995,720.4370000000004,718.062,154.8,60.68,66.92,104.914,85042736.0,31.6,25129.341,12.13,77.69,82340088,302533.0,105.0,2019,0.0004262808,0.1272964391,0.0005088651,0.0,0.0008428458,0.0019492328,0.0002744714,0.000418994,0.0010116579,0.0094109688,0.000344911,0.0180568182,0.0084321017,0.0002914741,0.0,0.0008889959,5.34369e-05,0.0012666977,0.0031394186,0.0003752729,0.0239239482,0.0005501573,0.000835559,0.2145528433,0.0233094237,0.0400546086,0.0089251787,0.0171435328,0.0001578818,0.0239506667,0.0046611561,0.5330538389,26.85069,32.01,4.07,20424610,6.37,36.23,39.03,18.36,2004,29.3,41.5,17.0
Uganda,2232.9799999999996,64.25400000000008,64.086,20.72,2.99,17.73,213.759,47123533.0,16.4,1697.707,2.5,63.37,42729036,93262.0,177.0,2019,0.0092232364,0.0506634411,0.0014416426,0.05286101,0.001757587,0.0055653022,0.0485899097,0.0001076551,0.0324978078,0.01301925,0.0049638377,0.0386084067,0.0724448827,0.0006108259,0.0,0.0256383037,0.00035573,0.0092138751,0.0050714928,0.0001427601,0.0117788756,0.0012754793,0.0089494179,0.0658779196,0.0079243538,0.0128250027,0.0121439669,0.0214257115,0.0009127283,0.0043389699,0.0009759172,0.5212052994,35.2285,5.3,4.53,9170821,13.68,25.30,28.75,32.26,2016,9.8,15.5,4.0
Ukraine,63275.185000000005,1901.454999999998,1900.0699999999997,65.45,31.65,33.85,77.39,43466822.0,41.4,7894.393,7.11,72.06,44246156,233011.0,73.0,2019,0.0009017733,0.2242409488,0.0049676632,0.0,0.0077656464,0.0119309799,0.0150137336,0.0033381431,0.0091375169,0.0157753817,0.0001830668,0.0197395679,0.0029494088,0.017438803,0.0,0.0001875869,0.0061768078,0.0003141516,0.0309405409,0.0005130389,0.0063756951,0.0034782683,0.0001514256,1.0156272106,0.0060118217,0.0275300752,0.0455203385,0.0683449202,0.000162726,0.0369975643,0.0081046589,1.5898194636,14.70064,24.1,2.46,16972715,27.9,51.22,18.07,2.81,2007,25.5,41.0,9.9
United Kingdom,152773.925,1093.0209999999995,1086.5,195.45,69.54,75.93,272.898,68207114.0,40.8,39753.244,4.28,81.32,67141684,93627.0,277.0,2019,0.0003946877,0.2919185048,0.0005704355,0.0,0.0004468163,0.0005049024,0.0003470273,0.003952835,0.0005808612,0.0040153893,5.95755e-05,0.0623710898,0.0022102514,0.0026243012,0.0,0.0021134412,0.0001906416,0.0002368126,0.0083673802,2.9788e-06,0.009484421,0.0002010673,0.0001757478,0.2801731932,0.011581479,0.0772679458,0.0149400483,0.0494700133,3.27665e-05,0.048293397,0.0117750994,0.8843031104,10.02183,27.8,2.27,29486179,33.01,48.96,16.24,1.79,2011,19.2,21.1,17.3
United States,103423.61000000004,1423.1860000000001,1415.3790000000001,154.98,62.35,73.3,35.608,332915074.0,38.3,54225.446,10.79,78.86,327096265,3717792.0,34.0,2019,0.0003503556,0.2365954867,0.001105485,0.0,0.0011051792,0.0054140025,0.002156246,0.0200910273,0.0002989945,0.0126452071,0.0003026632,0.0250449206,0.00336109,0.0042935373,3.21006e-05,0.0035851831,0.0004212827,0.0018618372,0.0138641143,9.4773e-06,0.0237602835,0.0004671408,0.0017456635,0.2927135227,0.0326980193,0.0687834207,0.0205707026,0.0395427933,4.00494e-05,0.0439989738,0.0098475597,0.8667063196,7.67611,36.2,2.49,132736055,27.89,49.49,18.81,3.81,2015,25.1,30.9,19.3
Uruguay,112944.855,1715.0110000000045,1712.695,199.93,76.79,79.46,19.751,3485152.0,35.6,20551.409,6.93,77.91,3449285,68037.0,20.0,2019,0.0004058812,0.2923504436,0.0019424315,0.0,0.0020583976,0.0061462013,0.0051314983,0.0004348727,0.0016235249,0.0162352488,0.0002899152,0.0462414674,0.0042907443,0.0032180582,0.0,0.0047836001,0.0001739491,0.0038848631,0.0193083494,0.0,0.0259474065,0.0004638643,0.0030151176,0.2900021309,0.028672609,0.0624767162,0.0136550039,0.0448208832,2.89915e-05,0.0434002989,0.010118039,0.9311205076,9.57094,27.9,2.78,1269537,23.52,47.68,23.37,5.43,2011,21.8,25.2,18.4
Uzbekistan,3586.808,25.63200000000003,25.666,115.03,36.66,55.44,76.134,33935765.0,28.2,6253.104,7.57,71.72,32476244,172741.0,73.0,2019,0.0005388554,0.0687825846,0.0021061549,0.0,0.0049174406,0.0029991153,0.0018013167,0.0005788847,0.00752858,0.0151772477,0.0007020516,0.0332150479,0.0161872167,0.0004803511,0.0,0.000495747,0.0005480929,0.0001262461,0.0116793063,0.0,0.0251075833,0.001133136,2.77126e-05,0.3306847922,0.0122273992,0.0118147899,0.0401585848,0.0462461115,0.0004002926,0.0034455955,0.0016750706,0.6407853076,36.352,16.6,5.24,6586983,5.26,18.90,33.62,42.22,1996,12.3,23.3,1.3
Yemen,263.20899999999955,45.08000000000011,45.063,1.79,0.71,1.09,53.508,30490639.0,20.3,1479.147,5.35,66.12,28498683,203848.0,54.0,2019,0.0016807794,0.0444967931,0.0029439957,0.0178569655,0.0029580314,0.0028773259,0.0012176001,0.0009158318,0.0036106932,0.0411141806,0.0059827326,0.0220676864,0.0666065867,0.0002877326,0.0,0.02320809,0.0001508842,0.0035440234,0.0054739372,0.0470267345,0.0063687154,0.0015790203,0.003301907,0.1956300928,0.0093899076,0.0201342637,0.0097758903,0.0171130715,0.0018351725,0.0060739649,0.0014491898,0.5666718002,44.64506,17.1,6.67,4469863,1.87,14.68,23.66,59.79,2013,20.9,32.5,9.3
Zambia,12329.233999999999,176.7589999999999,176.632,9.14,6.43,4.26,22.995,18920657.0,17.7,3689.251,3.94,63.89,17351708,290583.0,23.0,2019,0.0119008457,0.0564151956,0.0018787776,0.027530431,0.0020689606,0.0093132042,0.1299007567,0.0003457873,0.0406645847,0.0131687324,0.0046335496,0.0471999644,0.0567725091,0.0007895476,2.30525e-05,0.0416327891,0.0004841022,0.0109441676,0.0080568437,5.7631e-06,0.0148285114,0.0017808045,0.010534986,0.1046409956,0.0111285875,0.0137623339,0.0264700167,0.0376216566,0.0015157009,0.0043972616,0.0011699136,0.6915803332,25.92371,8.1,5.13,3485901,7.17,21.41,30.06,41.35,2013,14.7,25.0,4.4
Zimbabwe,13197.183,307.1169999999991,306.58299999999997,48.1,20.77,27.33,42.729,15092171.0,19.6,1899.775,1.82,61.49,14438802,150871.0,37.0,2019,0.0100423844,0.0855541893,0.0045848679,0.0143225179,0.005727622,0.0099315719,0.1435160618,0.0008795744,0.0724783123,0.0176884481,0.0089619624,0.0893218149,0.0596240602,0.0003670665,0.0045710163,0.0321010012,0.0002562539,0.0199739563,0.016642655,7.61836e-05,0.0239632069,0.0028049419,0.0197731086,0.1233481836,0.0158738931,0.0200224368,0.0143017405,0.0307296963,0.0009419064,0.0056237353,0.0016067815,0.8556111511,20.84664,15.5,4.08,3795226,12.37,31.14,33.76,22.72,2015,13.9,26.5,1.3
